timeStamp,elapsed,label,responseCode,responseMessage,threadName,dataType,success,failureMessage,bytes,sentBytes,grpThreads,allThreads,Latency,IdleTime,Connect
1505830148843,8020, Find all,200,OK,Thread Group 1-2,text,true,,807624,173,20,20,309,0,11
1505830148842,11853, Find all,200,OK,Thread Group 1-1,text,true,,807624,173,20,20,332,0,4
1505830148844,13724, Find all,200,OK,Thread Group 1-3,text,true,,807624,173,20,20,580,0,20
1505830148847,14457, Find all,200,OK,Thread Group 1-7,text,true,,807624,173,20,20,1209,0,16
1505830148849,17590, Find all,200,OK,Thread Group 1-11,text,true,,807624,173,20,20,971,0,15
1505830148846,17628, Find all,200,OK,Thread Group 1-5,text,true,,807624,173,20,20,637,0,18
1505830148844,18024, Find all,200,OK,Thread Group 1-4,text,true,,807624,173,20,20,779,0,21
1505830162568,4481,Find by first name,200,OK,Thread Group 1-3,text,true,,261914,194,20,20,943,0,352
1505830148849,18242, Find all,200,OK,Thread Group 1-9,text,true,,807624,173,20,20,1014,0,19
1505830148874,18477, Find all,200,OK,Thread Group 1-19,text,true,,807624,173,20,20,1808,0,14
1505830148849,18863, Find all,200,OK,Thread Group 1-10,text,true,,807624,173,20,20,2807,0,18
1505830167049,691,Create,200,OK,Thread Group 1-3,text,true,,185,273,20,20,690,0,312
1505830167739,351,Create many,200,OK,Thread Group 1-3,text,true,,266,362,20,20,350,0,0
1505830156864,11526,Find by first name,200,OK,Thread Group 1-2,text,true,,261914,194,20,20,2154,0,309
1505830160696,7845,Find by first name,200,OK,Thread Group 1-1,text,true,,261914,194,20,20,664,0,304
1505830168390,652,Create,200,OK,Thread Group 1-2,text,true,,185,273,20,20,652,0,330
1505830169043,403,Create many,200,OK,Thread Group 1-2,text,true,,266,362,20,20,401,0,0
1505830163304,6143,Find by first name,200,OK,Thread Group 1-7,text,true,,261914,194,20,20,1850,0,266
1505830166440,3161,Find by first name,200,OK,Thread Group 1-11,text,true,,261914,194,20,20,772,0,405
1505830148848,21062, Find all,200,OK,Thread Group 1-8,text,true,,807624,173,20,20,1042,0,15
1505830169446,627,Create,200,OK,Thread Group 1-7,text,true,,185,273,20,20,626,0,284
1505830167350,2842,Find by first name,200,OK,Thread Group 1-19,text,true,,261914,194,20,20,742,0,365
1505830168540,1787,Create,200,OK,Thread Group 1-1,text,true,,185,273,20,20,729,0,315
1505830170073,330,Create many,200,OK,Thread Group 1-7,text,true,,266,362,20,20,329,0,0
1505830170328,286,Create many,200,OK,Thread Group 1-1,text,true,,266,362,20,20,283,0,0
1505830148855,21829, Find all,200,OK,Thread Group 1-15,text,true,,807624,173,20,20,1673,0,30
1505830167711,3008,Find by first name,200,OK,Thread Group 1-10,text,true,,261993,194,20,20,715,0,337
1505830170192,717,Create,200,OK,Thread Group 1-19,text,true,,185,273,20,20,717,0,279
1505830166474,4500,Find by first name,200,OK,Thread Group 1-5,text,true,,261914,194,20,20,786,0,395
1505830148847,22155, Find all,200,OK,Thread Group 1-6,text,true,,807624,173,20,20,657,0,16
1505830170909,316,Create many,200,OK,Thread Group 1-19,text,true,,266,362,20,20,314,0,0
1505830148871,22423, Find all,200,OK,Thread Group 1-20,text,true,,807624,173,20,20,2591,0,17
1505830169600,2031,Create,200,OK,Thread Group 1-11,text,true,,185,273,20,20,2031,0,336
1505830170973,757,Create,200,OK,Thread Group 1-5,text,true,,185,273,20,20,757,0,290
1505830171730,311,Create many,200,OK,Thread Group 1-5,text,true,,266,362,20,20,310,0,0
1505830169909,2485,Find by first name,200,OK,Thread Group 1-8,text,true,,262151,194,20,20,667,0,328
1505830170719,1682,Create,200,OK,Thread Group 1-10,text,true,,185,273,20,20,725,0,285
1505830166868,5544,Find by first name,200,OK,Thread Group 1-4,text,true,,261914,194,20,20,757,0,316
1505830167091,5526,Find by first name,200,OK,Thread Group 1-9,text,true,,261914,194,20,20,716,0,299
1505830172402,300,Create many,200,OK,Thread Group 1-10,text,true,,266,362,20,20,298,0,0
1505830172395,636,Create,200,OK,Thread Group 1-8,text,true,,185,273,20,20,635,0,300
1505830172412,625,Create,200,OK,Thread Group 1-4,text,true,,185,273,20,20,625,0,290
1505830148852,24286, Find all,200,OK,Thread Group 1-13,text,true,,807624,173,20,20,1332,0,24
1505830171631,1554,Create many,200,OK,Thread Group 1-11,text,true,,266,362,20,20,1554,0,276
1505830172617,617,Create,200,OK,Thread Group 1-9,text,true,,185,273,20,20,616,0,310
1505830173031,280,Create many,200,OK,Thread Group 1-8,text,true,,266,362,20,20,279,0,0
1505830173037,281,Create many,200,OK,Thread Group 1-4,text,true,,266,362,20,20,280,0,0
1505830173234,282,Create many,200,OK,Thread Group 1-9,text,true,,266,362,20,20,282,0,0
1505830171001,4037,Find by first name,200,OK,Thread Group 1-6,text,true,,262309,194,20,20,693,0,290
1505830175039,692,Create,200,OK,Thread Group 1-6,text,true,,185,273,20,20,690,0,360
1505830171294,4544,Find by first name,200,OK,Thread Group 1-20,text,true,,262309,194,20,20,616,0,277
1505830148854,27040, Find all,200,OK,Thread Group 1-14,text,true,,807624,173,20,20,1387,0,23
1505830175731,324,Create many,200,OK,Thread Group 1-6,text,true,,266,362,20,20,323,0,0
1505830148866,27472, Find all,200,OK,Thread Group 1-16,text,true,,807624,173,20,20,1896,0,17
1505830175839,751,Create,200,OK,Thread Group 1-20,text,true,,185,273,20,20,749,0,361
1505830176591,409,Create many,200,OK,Thread Group 1-20,text,true,,266,362,20,20,408,0,0
1505830170403,8255, Find all,200,OK,Thread Group 1-7,text,true,,808678,173,20,20,490,0,0
1505830173138,7429,Find by first name,200,OK,Thread Group 1-13,text,true,,262783,194,20,20,786,0,270
1505830175894,4673,Find by first name,200,OK,Thread Group 1-14,text,true,,262862,194,20,20,762,0,358
1505830170683,9903,Find by first name,200,OK,Thread Group 1-15,text,true,,262309,194,20,20,798,0,308
1505830176338,4317,Find by first name,200,OK,Thread Group 1-16,text,true,,262941,194,20,20,808,0,387
1505830168090,12642, Find all,200,OK,Thread Group 1-3,text,true,,807867,173,20,20,514,0,0
1505830169446,11520, Find all,200,OK,Thread Group 1-2,text,true,,808192,173,20,20,479,0,0
1505830148850,32217, Find all,200,OK,Thread Group 1-12,text,true,,807624,173,20,20,2057,0,25
1505830180567,532,Create,200,OK,Thread Group 1-13,text,true,,185,273,20,20,531,0,238
1505830180567,535,Create,200,OK,Thread Group 1-14,text,true,,185,273,20,20,534,0,244
1505830180587,568,Create,200,OK,Thread Group 1-15,text,true,,185,273,20,20,567,0,303
1505830180655,520,Create,200,OK,Thread Group 1-16,text,true,,185,273,20,20,520,0,298
1505830181099,224,Create many,200,OK,Thread Group 1-13,text,true,,266,362,20,20,222,0,0
1505830181102,224,Create many,200,OK,Thread Group 1-14,text,true,,266,362,20,20,223,0,0
1505830181155,219,Create many,200,OK,Thread Group 1-15,text,true,,266,362,20,20,219,0,0
1505830181175,219,Create many,200,OK,Thread Group 1-16,text,true,,266,362,20,20,216,0,0
1505830178659,3966,Find by first name,200,OK,Thread Group 1-7,text,true,,262941,194,20,20,616,0,264
1505830182625,777,Create,200,OK,Thread Group 1-7,text,true,,185,273,20,20,776,0,288
1505830183402,378,Create many,200,OK,Thread Group 1-7,text,true,,266,362,20,20,363,0,0
1505830180967,3173,Find by first name,200,OK,Thread Group 1-2,text,true,,263257,194,19,19,512,0,217
1505830180733,3472,Find by first name,200,OK,Thread Group 1-3,text,true,,262941,194,19,19,571,0,306
1505830148865,35392, Find all,200,OK,Thread Group 1-17,text,true,,807624,173,19,19,1689,0,18
1505830171225,13134, Find all,200,OK,Thread Group 1-19,text,true,,809003,173,19,19,498,0,0
1505830184140,515,Create,200,OK,Thread Group 1-2,text,true,,185,273,19,19,515,0,244
1505830184205,513,Create,200,OK,Thread Group 1-3,text,true,,185,273,19,19,512,0,255
1505830184655,300,Create many,200,OK,Thread Group 1-2,text,true,,266,362,19,19,300,0,0
1505830184718,323,Create many,200,OK,Thread Group 1-3,text,true,,266,362,18,18,323,0,0
1505830172041,14014, Find all,200,OK,Thread Group 1-5,text,true,,809407,173,17,17,373,0,0
1505830181067,5056,Find by first name,200,OK,Thread Group 1-12,text,true,,263257,194,17,17,564,0,211
1505830186123,631,Create,200,OK,Thread Group 1-12,text,true,,185,273,17,17,630,0,349
1505830186754,276,Create many,200,OK,Thread Group 1-12,text,true,,266,362,17,17,275,0,0
1505830184360,2882,Find by first name,200,OK,Thread Group 1-19,text,true,,263415,194,17,17,641,0,251
1505830148866,38531, Find all,200,OK,Thread Group 1-18,text,true,,807624,173,17,17,1669,0,18
1505830184257,3379,Find by first name,200,OK,Thread Group 1-17,text,true,,263336,194,17,17,577,0,245
1505830172702,14992, Find all,200,OK,Thread Group 1-10,text,true,,809732,173,17,17,495,0,0
1505830187242,609,Create,200,OK,Thread Group 1-19,text,true,,185,273,17,17,608,0,250
1505830173311,14646, Find all,200,OK,Thread Group 1-8,text,true,,810297,173,17,17,552,0,0
1505830187851,279,Create many,200,OK,Thread Group 1-19,text,true,,266,362,17,17,278,0,0
1505830187636,555,Create,200,OK,Thread Group 1-17,text,true,,185,273,16,16,554,0,279
1505830173516,14932, Find all,200,OK,Thread Group 1-9,text,true,,810297,173,16,16,440,0,0
1505830188191,323,Create many,200,OK,Thread Group 1-17,text,true,,266,362,16,16,322,0,0
1505830187957,2765,Find by first name,200,OK,Thread Group 1-8,text,true,,263731,194,16,16,647,0,266
1505830186056,4823,Find by first name,200,OK,Thread Group 1-5,text,true,,263494,194,16,16,682,0,359
1505830170614,20283, Find all,200,OK,Thread Group 1-1,text,true,,808921,173,16,16,811,0,321
1505830173319,17630, Find all,200,OK,Thread Group 1-4,text,true,,810297,173,16,16,561,0,0
1505830181323,9769, Find all,200,OK,Thread Group 1-13,text,true,,811755,173,16,16,476,0,0
1505830190722,454,Create,200,OK,Thread Group 1-8,text,true,,185,273,16,16,451,0,246
1505830190879,409,Create,200,OK,Thread Group 1-5,text,true,,185,273,16,16,407,0,210
1505830191176,219,Create many,200,OK,Thread Group 1-8,text,true,,266,362,16,16,217,0,0
1505830191288,245,Create many,200,OK,Thread Group 1-5,text,true,,266,362,15,15,244,0,0
1505830187398,4348,Find by first name,200,OK,Thread Group 1-18,text,true,,263573,194,14,14,617,0,303
1505830176055,16385, Find all,200,OK,Thread Group 1-6,text,true,,810540,173,14,14,574,0,0
1505830187030,5596, Find all,200,OK,Thread Group 1-12,text,true,,812727,173,14,14,430,0,0
1505830188448,4255,Find by first name,200,OK,Thread Group 1-9,text,true,,263731,194,14,14,638,0,284
1505830190949,2171,Find by first name,200,OK,Thread Group 1-4,text,true,,263731,194,14,14,523,0,203
1505830192703,454,Create,200,OK,Thread Group 1-9,text,true,,185,273,14,14,452,0,212
1505830191093,2139,Find by first name,200,OK,Thread Group 1-13,text,true,,263889,194,14,14,487,0,189
1505830190899,2420,Find by first name,200,OK,Thread Group 1-1,text,true,,263731,194,14,14,452,0,201
1505830187694,5647,Find by first name,200,OK,Thread Group 1-10,text,true,,263652,194,14,14,601,0,255
1505830193157,260,Create many,200,OK,Thread Group 1-9,text,true,,266,362,14,14,260,0,0
1505830193120,421,Create,200,OK,Thread Group 1-4,text,true,,185,273,13,13,418,0,235
1505830191747,1879,Create,200,OK,Thread Group 1-18,text,true,,185,273,13,13,1879,0,326
1505830193232,423,Create,200,OK,Thread Group 1-13,text,true,,185,273,13,13,420,0,206
1505830193319,424,Create,200,OK,Thread Group 1-1,text,true,,185,273,13,13,422,0,193
1505830193341,428,Create,200,OK,Thread Group 1-10,text,true,,185,273,13,13,426,0,187
1505830193541,240,Create many,200,OK,Thread Group 1-4,text,true,,266,362,13,13,239,0,0
1505830193626,235,Create many,200,OK,Thread Group 1-18,text,true,,266,362,12,12,235,0,0
1505830193655,235,Create many,200,OK,Thread Group 1-13,text,true,,266,362,12,12,233,0,0
1505830193743,247,Create many,200,OK,Thread Group 1-1,text,true,,266,362,11,11,246,0,0
1505830193770,236,Create many,200,OK,Thread Group 1-10,text,true,,266,362,10,10,235,0,0
1505830177000,17068, Find all,200,OK,Thread Group 1-20,text,true,,810783,173,9,9,641,0,0
1505830192440,1730,Find by first name,200,OK,Thread Group 1-6,text,true,,263889,194,9,9,571,0,273
1505830181326,13001, Find all,200,OK,Thread Group 1-14,text,true,,811755,173,9,9,497,0,0
1505830194170,190,Create,200,OK,Thread Group 1-6,text,true,,185,273,9,9,188,0,0
1505830192626,1809,Find by first name,200,OK,Thread Group 1-12,text,true,,263889,194,9,9,499,0,219
1505830194360,148,Create many,200,OK,Thread Group 1-6,text,true,,266,362,9,9,147,0,0
1505830194436,117,Create,200,OK,Thread Group 1-12,text,true,,185,273,8,8,116,0,0
1505830194553,147,Create many,200,OK,Thread Group 1-12,text,true,,266,362,8,8,146,0,0
1505830194069,1417,Find by first name,200,OK,Thread Group 1-20,text,true,,264363,194,7,7,382,0,174
1505830195486,278,Create,200,OK,Thread Group 1-20,text,true,,185,273,7,7,277,0,0
1505830195765,220,Create many,200,OK,Thread Group 1-20,text,true,,266,362,7,7,219,0,0
1505830194327,1770,Find by first name,200,OK,Thread Group 1-14,text,true,,264442,194,6,6,324,0,147
1505830196097,199,Create,200,OK,Thread Group 1-14,text,true,,185,273,6,6,198,0,0
1505830196296,246,Create many,200,OK,Thread Group 1-14,text,true,,266,362,6,6,245,0,0
1505830181394,15295, Find all,200,OK,Thread Group 1-16,text,true,,811755,173,5,5,1108,0,0
1505830193861,2906, Find all,200,OK,Thread Group 1-18,text,true,,815157,173,5,5,578,0,239
1505830181374,15617, Find all,200,OK,Thread Group 1-15,text,true,,811755,173,5,5,1424,0,0
1505830188514,8501, Find all,200,OK,Thread Group 1-17,text,true,,813213,173,5,5,478,0,0
1505830196689,969,Find by first name,200,OK,Thread Group 1-16,text,true,,264679,194,5,5,276,0,115
1505830173186,24530, Find all,200,OK,Thread Group 1-11,text,true,,810136,173,5,5,507,0,0
1505830197658,210,Create,200,OK,Thread Group 1-16,text,true,,185,273,5,5,209,0,0
1505830197868,145,Create many,200,OK,Thread Group 1-16,text,true,,266,362,5,5,144,0,0
1505830196767,1367,Find by first name,200,OK,Thread Group 1-18,text,true,,264679,194,4,4,268,0,139
1505830198134,123,Create,200,OK,Thread Group 1-18,text,true,,185,273,4,4,122,0,0
1505830196991,1308,Find by first name,200,OK,Thread Group 1-15,text,true,,264679,194,4,4,287,0,74
1505830197016,1374,Find by first name,200,OK,Thread Group 1-17,text,true,,264679,194,4,4,292,0,56
1505830198257,137,Create many,200,OK,Thread Group 1-18,text,true,,266,362,4,4,137,0,0
1505830198299,98,Create,200,OK,Thread Group 1-15,text,true,,185,273,3,3,97,0,0
1505830198390,128,Create,200,OK,Thread Group 1-17,text,true,,185,273,3,3,125,0,0
1505830198397,130,Create many,200,OK,Thread Group 1-15,text,true,,266,362,3,3,129,0,0
1505830197716,852,Find by first name,200,OK,Thread Group 1-11,text,true,,264758,194,2,2,365,0,165
1505830198518,53,Create many,200,OK,Thread Group 1-17,text,true,,266,362,2,2,52,0,0
1505830198568,9,Create,200,OK,Thread Group 1-11,text,true,,185,273,1,1,9,0,0
1505830198577,8,Create many,200,OK,Thread Group 1-11,text,true,,266,362,1,1,6,0,0
1505899687923,10967, Find all,200,OK,Thread Group 1-6,text,true,,872096,173,20,20,755,0,215
1505899687923,11131, Find all,200,OK,Thread Group 1-20,text,true,,872096,173,20,20,866,0,214
1505899687923,12693, Find all,200,OK,Thread Group 1-5,text,true,,872096,173,20,20,604,0,214
1505899687927,16005, Find all,200,OK,Thread Group 1-10,text,true,,872096,173,20,20,1342,0,243
1505899698918,5281,Find by first name,200,OK,Thread Group 1-6,text,true,,282928,194,20,20,720,0,335
1505899687921,16294, Find all,200,OK,Thread Group 1-19,text,true,,872096,173,20,20,980,0,216
1505899704200,813,Create,200,OK,Thread Group 1-6,text,true,,185,273,20,20,812,0,378
1505899705014,657,Create many,200,OK,Thread Group 1-6,text,true,,266,362,20,20,656,0,0
1505899705673,490,Delete,200,OK,Thread Group 1-6,,true,,38,223,20,20,490,0,0
1505899699056,7421,Find by first name,200,OK,Thread Group 1-20,text,true,,282928,194,20,20,635,0,299
1505899706164,389,Update,200,OK,Thread Group 1-6,text,true,,183,304,20,20,389,0,0
1505899687919,19093, Find all,200,OK,Thread Group 1-16,text,true,,872096,173,20,20,795,0,219
1505899687923,19119, Find all,200,OK,Thread Group 1-12,text,true,,872096,173,20,20,1273,0,237
1505899706479,788,Create,200,OK,Thread Group 1-20,text,true,,185,273,20,20,787,0,405
1505899687921,19348, Find all,200,OK,Thread Group 1-7,text,true,,872096,173,20,20,957,0,217
1505899707269,371,Create many,200,OK,Thread Group 1-20,text,true,,266,362,20,20,370,0,0
1505899707642,432,Delete,200,OK,Thread Group 1-20,,true,,38,223,20,20,432,0,0
1505899708075,609,Update,200,OK,Thread Group 1-20,text,true,,183,304,20,20,608,0,0
1505899703932,5675,Find by first name,200,OK,Thread Group 1-10,text,true,,282928,194,20,20,866,0,489
1505899704215,5643,Find by first name,200,OK,Thread Group 1-19,text,true,,282928,194,20,20,831,0,366
1505899687930,22289, Find all,200,OK,Thread Group 1-3,text,true,,872096,173,20,20,1943,0,296
1505899709608,995,Create,200,OK,Thread Group 1-10,text,true,,185,273,20,20,994,0,509
1505899709859,949,Create,200,OK,Thread Group 1-19,text,true,,185,273,20,20,948,0,571
1505899687925,22887, Find all,200,OK,Thread Group 1-18,text,true,,872096,173,20,20,2388,0,284
1505899710810,695,Create many,200,OK,Thread Group 1-19,text,true,,266,362,20,20,692,0,0
1505899711506,681,Delete,200,OK,Thread Group 1-19,,true,,38,223,20,20,681,0,0
1505899710605,1881,Create many,200,OK,Thread Group 1-10,text,true,,266,362,20,20,1377,0,0
1505899687927,24610, Find all,200,OK,Thread Group 1-14,text,true,,872096,173,20,20,1310,0,236
1505899707012,5761,Find by first name,200,OK,Thread Group 1-16,text,true,,283086,194,20,20,1146,0,364
1505899700616,12619,Find by first name,200,OK,Thread Group 1-5,text,true,,282928,194,20,20,1750,0,419
1505899687924,25410, Find all,200,OK,Thread Group 1-4,text,true,,872096,173,20,20,2179,0,255
1505899712487,849,Delete,200,OK,Thread Group 1-10,,true,,38,223,20,20,849,0,501
1505899712775,640,Create,200,OK,Thread Group 1-16,text,true,,185,273,20,20,639,0,346
1505899687927,25509, Find all,200,OK,Thread Group 1-8,text,true,,872096,173,20,20,832,0,213
1505899713337,238,Update,200,OK,Thread Group 1-10,text,true,,183,304,20,20,237,0,0
1505899713416,278,Create many,200,OK,Thread Group 1-16,text,true,,266,362,20,20,277,0,0
1505899712187,1583,Update,200,OK,Thread Group 1-19,text,true,,183,304,20,20,1583,0,1271
1505899713237,563,Create,200,OK,Thread Group 1-5,text,true,,185,273,20,20,563,0,256
1505899713695,383,Delete,200,OK,Thread Group 1-16,,true,,38,223,20,20,383,0,0
1505899713801,423,Create many,200,OK,Thread Group 1-5,text,true,,266,362,20,20,419,0,0
1505899714078,440,Update,200,OK,Thread Group 1-16,text,true,,183,304,20,20,440,0,0
1505899714225,411,Delete,200,OK,Thread Group 1-5,,true,,38,223,20,20,411,0,0
1505899714637,460,Update,200,OK,Thread Group 1-5,text,true,,183,304,20,20,460,0,0
1505899710813,4595,Find by first name,200,OK,Thread Group 1-18,text,true,,283244,194,20,20,1439,0,693
1505899687930,27835, Find all,200,OK,Thread Group 1-17,text,true,,872096,173,20,20,2211,0,245
1505899712538,3993,Find by first name,200,OK,Thread Group 1-14,text,true,,283244,194,20,20,848,0,470
1505899716532,609,Create,200,OK,Thread Group 1-14,text,true,,185,273,20,20,607,0,275
1505899715409,1935,Create,200,OK,Thread Group 1-18,text,true,,185,273,20,20,783,0,372
1505899717142,407,Create many,200,OK,Thread Group 1-14,text,true,,266,362,20,20,405,0,0
1505899717345,453,Create many,200,OK,Thread Group 1-18,text,true,,266,362,20,20,452,0,0
1505899717550,430,Delete,200,OK,Thread Group 1-14,,true,,38,223,20,20,430,0,0
1505899710219,8231,Find by first name,200,OK,Thread Group 1-3,text,true,,283165,194,20,20,1175,0,460
1505899687923,30531, Find all,200,OK,Thread Group 1-13,text,true,,872096,173,20,20,1299,0,246
1505899717981,516,Update,200,OK,Thread Group 1-14,text,true,,183,304,20,20,509,0,0
1505899707270,11258,Find by first name,200,OK,Thread Group 1-7,text,true,,283086,194,20,20,2399,0,333
1505899717799,839,Delete,200,OK,Thread Group 1-18,,true,,38,223,20,20,839,0,504
1505899718639,319,Update,200,OK,Thread Group 1-18,text,true,,183,304,20,20,306,0,0
1505899718452,666,Create,200,OK,Thread Group 1-3,text,true,,185,273,20,20,665,0,267
1505899718530,657,Create,200,OK,Thread Group 1-7,text,true,,185,273,20,20,656,0,275
1505899707042,12215,Find by first name,200,OK,Thread Group 1-12,text,true,,283086,194,20,20,1146,0,356
1505899719119,309,Create many,200,OK,Thread Group 1-3,text,true,,266,362,20,20,308,0,0
1505899719429,332,Delete,200,OK,Thread Group 1-3,,true,,38,223,20,20,332,0,0
1505899719259,640,Create,200,OK,Thread Group 1-12,text,true,,185,273,20,20,635,0,297
1505899719762,362,Update,200,OK,Thread Group 1-3,text,true,,183,304,20,20,362,0,0
1505899719900,361,Create many,200,OK,Thread Group 1-12,text,true,,266,362,20,20,361,0,0
1505899720262,287,Delete,200,OK,Thread Group 1-12,,true,,38,223,20,20,287,0,0
1505899708686,11898, Find all,200,OK,Thread Group 1-20,text,true,,872582,173,20,20,933,0,371
1505899719188,1642,Create many,200,OK,Thread Group 1-7,text,true,,266,362,20,20,1642,0,0
1505899715766,5072,Find by first name,200,OK,Thread Group 1-17,text,true,,283402,194,20,20,838,0,398
1505899720549,334,Update,200,OK,Thread Group 1-12,text,true,,183,304,20,20,333,0,0
1505899687924,33315, Find all,200,OK,Thread Group 1-1,text,true,,872096,173,20,20,2115,0,312
1505899718455,2981,Find by first name,200,OK,Thread Group 1-13,text,true,,283560,194,20,20,718,0,270
1505899720830,617,Delete,200,OK,Thread Group 1-7,,true,,38,223,20,20,617,0,365
1505899720838,627,Create,200,OK,Thread Group 1-17,text,true,,185,273,20,20,625,0,377
1505899713438,8043,Find by first name,200,OK,Thread Group 1-8,text,true,,283323,194,20,20,793,0,288
1505899721448,243,Update,200,OK,Thread Group 1-7,text,true,,183,304,20,20,242,0,0
1505899721466,239,Create many,200,OK,Thread Group 1-17,text,true,,266,362,20,20,238,0,0
1505899721436,500,Create,200,OK,Thread Group 1-13,text,true,,185,273,20,20,499,0,240
1505899721706,299,Delete,200,OK,Thread Group 1-17,,true,,38,223,20,20,299,0,0
1505899713335,8683,Find by first name,200,OK,Thread Group 1-4,text,true,,283323,194,20,20,695,0,235
1505899721481,754,Create,200,OK,Thread Group 1-8,text,true,,185,273,20,20,753,0,239
1505899687930,34410, Find all,200,OK,Thread Group 1-11,text,true,,872096,173,20,20,2739,0,310
1505899721936,405,Create many,200,OK,Thread Group 1-13,text,true,,266,362,20,20,404,0,0
1505899722006,362,Update,200,OK,Thread Group 1-17,text,true,,183,304,20,20,362,0,0
1505899722235,393,Create many,200,OK,Thread Group 1-8,text,true,,266,362,20,20,392,0,0
1505899722342,392,Delete,200,OK,Thread Group 1-13,,true,,38,223,20,20,392,0,0
1505899722629,363,Delete,200,OK,Thread Group 1-8,,true,,38,223,20,20,363,0,0
1505899722735,337,Update,200,OK,Thread Group 1-13,text,true,,183,304,20,20,333,0,0
1505899722992,354,Update,200,OK,Thread Group 1-8,text,true,,183,304,20,20,353,0,0
1505899687933,35537, Find all,200,OK,Thread Group 1-15,text,true,,872096,173,20,20,2111,0,295
1505899722018,2753,Create,200,OK,Thread Group 1-4,text,true,,185,273,20,20,2753,0,356
1505899721239,3803,Find by first name,200,OK,Thread Group 1-1,text,true,,283876,194,20,20,543,0,240
1505899687920,37366, Find all,200,OK,Thread Group 1-2,text,true,,872096,173,20,20,2526,0,306
1505899724772,755,Create many,200,OK,Thread Group 1-4,text,true,,266,362,20,20,754,0,455
1505899725043,672,Create,200,OK,Thread Group 1-1,text,true,,185,273,20,20,671,0,393
1505899725528,266,Delete,200,OK,Thread Group 1-4,,true,,38,223,20,20,266,0,0
1505899687914,37944, Find all,200,OK,Thread Group 1-9,text,true,,872096,173,20,20,2218,0,327
1505899725716,304,Create many,200,OK,Thread Group 1-1,text,true,,266,362,20,20,303,0,0
1505899725795,337,Update,200,OK,Thread Group 1-4,text,true,,183,304,20,20,334,0,0
1505899726021,343,Delete,200,OK,Thread Group 1-1,,true,,38,223,20,20,343,0,0
1505899726365,2055,Update,200,OK,Thread Group 1-1,text,true,,183,304,20,20,2055,0,0
1505899722340,6263,Find by first name,200,OK,Thread Group 1-11,text,true,,284034,194,20,20,769,0,387
1505899728604,992,Create,200,OK,Thread Group 1-11,text,true,,185,273,20,20,991,0,593
1505899729597,685,Create many,200,OK,Thread Group 1-11,text,true,,266,362,20,20,683,0,0
1505899720585,9982,Find by first name,200,OK,Thread Group 1-20,text,true,,283797,194,20,20,736,0,300
1505899715099,15650, Find all,200,OK,Thread Group 1-5,text,true,,873554,173,20,20,563,0,0
1505899730283,476,Delete,200,OK,Thread Group 1-11,,true,,38,223,20,20,476,0,0
1505899730568,1155,Create,200,OK,Thread Group 1-20,text,true,,185,273,20,20,1153,0,651
1505899731724,1239,Create many,200,OK,Thread Group 1-20,text,true,,266,362,20,20,1239,0,0
1505899725291,7890,Find by first name,200,OK,Thread Group 1-2,text,true,,284113,194,20,20,636,0,277
1505899732964,1252,Delete,200,OK,Thread Group 1-20,,true,,38,223,20,20,1252,0,514
1505899733182,1534,Create,200,OK,Thread Group 1-2,text,true,,185,273,20,20,1533,0,783
1505899734217,569,Update,200,OK,Thread Group 1-20,text,true,,183,304,20,20,568,0,0
1505899720126,14925, Find all,200,OK,Thread Group 1-3,text,true,,874769,173,20,20,502,0,0
1505899730760,4311,Update,200,OK,Thread Group 1-11,text,true,,183,304,20,20,1470,0,779
1505899734717,443,Create many,200,OK,Thread Group 1-2,text,true,,266,362,20,20,442,0,0
1505899725858,9459,Find by first name,200,OK,Thread Group 1-9,text,true,,284192,194,20,20,737,0,344
1505899735161,527,Delete,200,OK,Thread Group 1-2,,true,,38,223,20,20,527,0,0
1505899735318,1033,Create,200,OK,Thread Group 1-9,text,true,,185,273,20,20,1032,0,396
1505899735690,1185,Update,200,OK,Thread Group 1-2,text,true,,183,304,20,20,1172,0,454
1505899736352,2239,Create many,200,OK,Thread Group 1-9,text,true,,266,362,20,20,2239,0,0
1505899738592,2225,Delete,200,OK,Thread Group 1-9,,true,,38,223,20,20,2225,0,367
1505899723470,17896,Find by first name,200,OK,Thread Group 1-15,text,true,,284034,194,20,20,1897,0,432
1505899714519,27053, Find all,200,OK,Thread Group 1-16,text,true,,873554,173,20,20,633,0,0
1505899740818,1001,Update,200,OK,Thread Group 1-9,text,true,,183,304,20,20,1000,0,526
1505899735050,7224,Find by first name,200,OK,Thread Group 1-3,text,true,,284429,194,20,20,740,0,335
1505899741367,948,Create,200,OK,Thread Group 1-15,text,true,,185,273,20,20,946,0,445
1505899742316,440,Create many,200,OK,Thread Group 1-15,text,true,,266,362,20,20,439,0,0
1505899742758,444,Delete,200,OK,Thread Group 1-15,,true,,38,223,20,20,444,0,0
1505899718498,25416, Find all,200,OK,Thread Group 1-14,text,true,,874040,173,20,20,464,0,0
1505899743203,1694,Update,200,OK,Thread Group 1-15,text,true,,183,304,20,20,370,0,0
1505899742275,2720,Create,200,OK,Thread Group 1-3,text,true,,185,273,20,20,2719,0,410
1505899720884,24220, Find all,200,OK,Thread Group 1-12,text,true,,874769,173,20,20,508,0,0
1505899723073,22260, Find all,200,OK,Thread Group 1-13,text,true,,875580,173,20,20,593,0,0
1505899721692,23731, Find all,200,OK,Thread Group 1-7,text,true,,875094,173,20,20,525,0,0
1505899713772,31717, Find all,200,OK,Thread Group 1-19,text,true,,873393,173,20,20,665,0,0
1505899744995,688,Create many,200,OK,Thread Group 1-3,text,true,,266,362,20,20,669,0,314
1505899713576,32282, Find all,200,OK,Thread Group 1-10,text,true,,873393,173,20,20,584,0,0
1505899745685,467,Delete,200,OK,Thread Group 1-3,,true,,38,223,20,20,467,0,0
1505899746152,400,Update,200,OK,Thread Group 1-3,text,true,,183,304,20,20,399,0,0
1505899741571,6044,Find by first name,200,OK,Thread Group 1-16,text,true,,284508,194,20,20,943,0,414
1505899747616,841,Create,200,OK,Thread Group 1-16,text,true,,185,273,20,20,839,0,365
1505899748457,555,Create many,200,OK,Thread Group 1-16,text,true,,266,362,20,20,554,0,0
1505899749013,443,Delete,200,OK,Thread Group 1-16,,true,,38,223,20,20,442,0,0
1505899718959,30882, Find all,200,OK,Thread Group 1-18,text,true,,874204,173,20,20,409,0,0
1505899745105,5469,Find by first name,200,OK,Thread Group 1-12,text,true,,284666,194,20,20,766,0,290
1505899743914,6665,Find by first name,200,OK,Thread Group 1-14,text,true,,284587,194,20,20,812,0,341
1505899749456,1627,Update,200,OK,Thread Group 1-16,text,true,,183,304,20,20,313,0,0
1505899750576,756,Create,200,OK,Thread Group 1-12,text,true,,185,273,20,20,754,0,455
1505899750581,763,Create,200,OK,Thread Group 1-14,text,true,,185,273,20,20,761,0,458
1505899734786,16654, Find all,200,OK,Thread Group 1-20,text,true,,876713,173,20,20,992,0,0
1505899751332,358,Create many,200,OK,Thread Group 1-12,text,true,,266,362,20,20,357,0,0
1505899751344,361,Create many,200,OK,Thread Group 1-14,text,true,,266,362,20,20,355,0,0
1505899751691,323,Delete,200,OK,Thread Group 1-12,,true,,38,223,20,20,323,0,0
1505899751706,332,Delete,200,OK,Thread Group 1-14,,true,,38,223,20,20,332,0,0
1505899745334,7064,Find by first name,200,OK,Thread Group 1-13,text,true,,284666,194,20,20,961,0,403
1505899752015,431,Update,200,OK,Thread Group 1-12,text,true,,183,304,20,20,425,0,0
1505899752039,465,Update,200,OK,Thread Group 1-14,text,true,,183,304,20,20,464,0,0
1505899752400,863,Create,200,OK,Thread Group 1-13,text,true,,185,273,20,20,862,0,503
1505899730748,22791,Find by first name,200,OK,Thread Group 1-5,text,true,,284271,194,20,20,1586,0,783
1505899753264,331,Create many,200,OK,Thread Group 1-13,text,true,,266,362,20,20,329,0,0
1505899753596,338,Delete,200,OK,Thread Group 1-13,,true,,38,223,20,20,338,0,0
1505899745489,8552,Find by first name,200,OK,Thread Group 1-19,text,true,,284666,194,20,20,976,0,449
1505899749842,4289,Find by first name,200,OK,Thread Group 1-18,text,true,,284745,194,20,20,977,0,509
1505899753541,606,Create,200,OK,Thread Group 1-5,text,true,,185,273,20,20,606,0,336
1505899753935,328,Update,200,OK,Thread Group 1-13,text,true,,183,304,20,20,328,0,0
1505899754148,342,Create many,200,OK,Thread Group 1-5,text,true,,266,362,20,20,342,0,0
1505899706555,47957, Find all,200,OK,Thread Group 1-6,text,true,,872421,173,20,20,892,0,391
1505899754043,697,Create,200,OK,Thread Group 1-19,text,true,,185,273,20,20,696,0,361
1505899754132,633,Create,200,OK,Thread Group 1-18,text,true,,185,273,20,20,631,0,336
1505899754491,286,Delete,200,OK,Thread Group 1-5,,true,,38,223,20,20,286,0,0
1505899745424,9431,Find by first name,200,OK,Thread Group 1-7,text,true,,284666,194,20,20,1775,0,418
1505899754741,332,Create many,200,OK,Thread Group 1-19,text,true,,266,362,20,20,331,0,0
1505899754766,339,Create many,200,OK,Thread Group 1-18,text,true,,266,362,20,20,339,0,0
1505899754778,339,Update,200,OK,Thread Group 1-5,text,true,,183,304,20,20,339,0,0
1505899755074,353,Delete,200,OK,Thread Group 1-19,,true,,38,223,20,20,353,0,0
1505899755106,350,Delete,200,OK,Thread Group 1-18,,true,,38,223,20,20,350,0,0
1505899755427,425,Update,200,OK,Thread Group 1-19,text,true,,183,304,20,20,424,0,0
1505899755456,416,Update,200,OK,Thread Group 1-18,text,true,,183,304,20,20,416,0,0
1505899754857,2587,Create,200,OK,Thread Group 1-7,text,true,,185,273,20,20,2587,0,336
1505899735071,22455, Find all,200,OK,Thread Group 1-11,text,true,,876713,173,20,20,1412,0,351
1505899736875,20891, Find all,200,OK,Thread Group 1-2,text,true,,876956,173,20,20,1719,0,0
1505899745860,11980,Find by first name,200,OK,Thread Group 1-10,text,true,,284666,194,20,20,902,0,449
1505899757444,654,Create many,200,OK,Thread Group 1-7,text,true,,266,362,20,20,652,0,281
1505899726133,31985, Find all,200,OK,Thread Group 1-4,text,true,,875984,173,20,20,508,0,0
1505899751442,6997,Find by first name,200,OK,Thread Group 1-20,text,true,,284903,194,20,20,732,0,345
1505899758099,357,Delete,200,OK,Thread Group 1-7,,true,,38,223,20,20,357,0,0
1505899757840,730,Create,200,OK,Thread Group 1-10,text,true,,185,273,20,20,729,0,376
1505899728421,30166, Find all,200,OK,Thread Group 1-1,text,true,,876227,173,20,20,2230,0,1296
1505899746553,12110, Find all,200,OK,Thread Group 1-3,text,true,,877442,173,20,20,637,0,0
1505899758457,381,Update,200,OK,Thread Group 1-7,text,true,,183,304,20,20,378,0,0
1505899758570,399,Create many,200,OK,Thread Group 1-10,text,true,,266,362,20,20,398,0,0
1505899758440,698,Create,200,OK,Thread Group 1-20,text,true,,185,273,20,20,697,0,382
1505899758970,321,Delete,200,OK,Thread Group 1-10,,true,,38,223,20,20,321,0,0
1505899759139,371,Create many,200,OK,Thread Group 1-20,text,true,,266,362,20,20,370,0,0
1505899759292,392,Update,200,OK,Thread Group 1-10,text,true,,183,304,20,20,392,0,0
1505899759511,379,Delete,200,OK,Thread Group 1-20,,true,,38,223,20,20,379,0,0
1505899759891,341,Update,200,OK,Thread Group 1-20,text,true,,183,304,20,20,338,0,0
1505899722369,38732, Find all,200,OK,Thread Group 1-17,text,true,,875498,173,20,20,557,0,0
1505899723347,37883, Find all,200,OK,Thread Group 1-8,text,true,,875580,173,20,20,593,0,0
1505899754513,7576,Find by first name,200,OK,Thread Group 1-6,text,true,,285219,194,20,20,672,0,283
1505899758119,4153,Find by first name,200,OK,Thread Group 1-4,text,true,,285298,194,20,20,796,0,347
1505899762089,1775,Create,200,OK,Thread Group 1-6,text,true,,185,273,20,20,1760,0,924
1505899763865,1422,Create many,200,OK,Thread Group 1-6,text,true,,266,362,20,20,1411,0,0
1505899744898,21118, Find all,200,OK,Thread Group 1-15,text,true,,877281,173,20,20,927,0,360
1505899752447,13648, Find all,200,OK,Thread Group 1-12,text,true,,878171,173,20,20,552,0,0
1505899765287,978,Delete,200,OK,Thread Group 1-6,,true,,38,223,20,20,978,0,620
1505899757527,9128,Find by first name,200,OK,Thread Group 1-11,text,true,,285298,194,20,20,740,0,304
1505899766266,739,Update,200,OK,Thread Group 1-6,text,true,,183,304,20,20,739,0,0
1505899766656,904,Create,200,OK,Thread Group 1-11,text,true,,185,273,20,20,902,0,528
1505899762272,5310,Create,200,OK,Thread Group 1-4,text,true,,185,273,20,20,5310,0,1095
1505899767561,327,Create many,200,OK,Thread Group 1-11,text,true,,266,362,20,20,326,0,0
1505899767889,1050,Delete,200,OK,Thread Group 1-11,,true,,38,223,20,20,1050,0,0
1505899741820,27273, Find all,200,OK,Thread Group 1-9,text,true,,877038,173,20,20,666,0,0
1505899761102,8093,Find by first name,200,OK,Thread Group 1-17,text,true,,285456,194,20,20,1067,0,338
1505899767583,3045,Create many,200,OK,Thread Group 1-4,text,true,,266,362,20,20,3045,0,1563
1505899769196,1527,Create,200,OK,Thread Group 1-17,text,true,,185,273,20,20,1527,0,807
1505899768939,3085,Update,200,OK,Thread Group 1-11,text,true,,183,304,20,20,3084,0,1711
1505899770725,1326,Create many,200,OK,Thread Group 1-17,text,true,,266,362,20,20,1324,0,0
1505899770630,2324,Delete,200,OK,Thread Group 1-4,,true,,38,223,20,20,2324,0,1376
1505899752505,20479, Find all,200,OK,Thread Group 1-14,text,true,,878171,173,20,20,534,0,0
1505899761231,11805,Find by first name,200,OK,Thread Group 1-8,text,true,,285456,194,20,20,1108,0,334
1505899754264,18986, Find all,200,OK,Thread Group 1-13,text,true,,878657,173,20,20,459,0,0
1505899757767,15566,Find by first name,200,OK,Thread Group 1-2,text,true,,285298,194,20,20,759,0,375
1505899772051,1295,Delete,200,OK,Thread Group 1-17,,true,,38,223,20,20,1295,0,984
1505899772954,696,Update,200,OK,Thread Group 1-4,text,true,,183,304,20,20,696,0,313
1505899773038,705,Create,200,OK,Thread Group 1-8,text,true,,185,273,20,20,704,0,305
1505899773347,399,Update,200,OK,Thread Group 1-17,text,true,,183,304,20,20,398,0,0
1505899773743,416,Create many,200,OK,Thread Group 1-8,text,true,,266,362,20,20,416,0,0
1505899773335,1181,Create,200,OK,Thread Group 1-2,text,true,,185,273,20,20,1179,0,404
1505899766094,8473,Find by first name,200,OK,Thread Group 1-12,text,true,,285535,194,20,20,1286,0,786
1505899774160,625,Delete,200,OK,Thread Group 1-8,,true,,38,223,20,20,625,0,0
1505899774517,638,Create many,200,OK,Thread Group 1-2,text,true,,266,362,20,20,638,0,0
1505899758588,17054,Find by first name,200,OK,Thread Group 1-1,text,true,,285377,194,20,20,774,0,386
1505899775156,674,Delete,200,OK,Thread Group 1-2,,true,,38,223,20,20,674,0,0
1505899774569,1363,Create,200,OK,Thread Group 1-12,text,true,,185,273,20,20,1361,0,661
1505899766017,10363,Find by first name,200,OK,Thread Group 1-15,text,true,,285535,194,20,20,1201,0,633
1505899775644,1275,Create,200,OK,Thread Group 1-1,text,true,,185,273,20,20,1274,0,633
1505899775831,1206,Update,200,OK,Thread Group 1-2,text,true,,183,304,20,20,1206,0,596
1505899774786,2350,Update,200,OK,Thread Group 1-8,text,true,,183,304,20,20,2350,0,0
1505899775933,1312,Create many,200,OK,Thread Group 1-12,text,true,,266,362,20,20,1312,0,0
1505899776919,644,Create many,200,OK,Thread Group 1-1,text,true,,266,362,20,20,642,0,0
1505899777563,1072,Delete,200,OK,Thread Group 1-1,,true,,38,223,20,20,1072,0,0
1505899777245,2107,Delete,200,OK,Thread Group 1-12,,true,,38,223,20,20,2107,0,1040
1505899772984,6975,Find by first name,200,OK,Thread Group 1-14,text,true,,285772,194,20,20,763,0,317
1505899778636,1682,Update,200,OK,Thread Group 1-1,text,true,,183,304,20,20,1682,0,896
1505899779353,1333,Update,200,OK,Thread Group 1-12,text,true,,183,304,20,20,1315,0,558
1505899776382,4334,Create,200,OK,Thread Group 1-15,text,true,,185,273,20,20,4334,0,593
1505899769094,11621,Find by first name,200,OK,Thread Group 1-9,text,true,,285693,194,20,20,1696,0,665
1505899779960,3179,Create,200,OK,Thread Group 1-14,text,true,,185,273,20,20,1934,0,742
1505899780716,3433,Create,200,OK,Thread Group 1-9,text,true,,185,273,20,20,3433,0,1203
1505899780716,3730,Create many,200,OK,Thread Group 1-15,text,true,,266,362,20,20,3730,0,2422
1505899783139,1357,Create many,200,OK,Thread Group 1-14,text,true,,266,362,20,20,1353,0,869
1505899784497,525,Delete,200,OK,Thread Group 1-14,,true,,38,223,20,20,525,0,0
1505899784149,1058,Create many,200,OK,Thread Group 1-9,text,true,,266,362,20,20,1057,0,567
1505899784446,1309,Delete,200,OK,Thread Group 1-15,,true,,38,223,20,20,1309,0,471
1505899773251,12631,Find by first name,200,OK,Thread Group 1-13,text,true,,285772,194,20,20,885,0,385
1505899785023,888,Update,200,OK,Thread Group 1-14,text,true,,183,304,20,20,888,0,0
1505899785207,779,Delete,200,OK,Thread Group 1-9,,true,,38,223,20,20,779,0,0
1505899785756,876,Update,200,OK,Thread Group 1-15,text,true,,183,304,20,20,875,0,0
1505899785987,1027,Update,200,OK,Thread Group 1-9,text,true,,183,304,20,20,1025,0,0
1505899785882,2177,Create,200,OK,Thread Group 1-13,text,true,,185,273,20,20,2177,0,923
1505899788060,2122,Create many,200,OK,Thread Group 1-13,text,true,,266,362,20,20,2121,0,1309
1505899790183,837,Delete,200,OK,Thread Group 1-13,,true,,38,223,20,20,837,0,370
1505899791020,721,Update,200,OK,Thread Group 1-13,text,true,,183,304,20,20,719,0,0
1505899758662,33439,Find by first name,200,OK,Thread Group 1-3,text,true,,285377,194,20,20,826,0,370
1505899792102,923,Create,200,OK,Thread Group 1-3,text,true,,185,273,20,20,921,0,528
1505899793025,483,Create many,200,OK,Thread Group 1-3,text,true,,266,362,20,20,482,0,0
1505899793508,430,Delete,200,OK,Thread Group 1-3,,true,,38,223,20,20,430,0,0
1505899793938,474,Update,200,OK,Thread Group 1-3,text,true,,183,304,20,20,473,0,0
1505899751084,45158, Find all,200,OK,Thread Group 1-16,text,true,,878171,173,20,20,822,0,308
1505899760232,36502, Find all,200,OK,Thread Group 1-20,text,true,,879872,173,20,20,1669,0,0
1505899758839,39043, Find all,200,OK,Thread Group 1-7,text,true,,879711,173,20,20,504,0,0
1505899759685,38866, Find all,200,OK,Thread Group 1-10,text,true,,879872,173,20,20,481,0,0
1505899755872,43927, Find all,200,OK,Thread Group 1-18,text,true,,879225,173,20,20,559,0,0
1505899755118,44751, Find all,200,OK,Thread Group 1-5,text,true,,879143,173,20,20,662,0,0
1505899777137,22964, Find all,200,OK,Thread Group 1-8,text,true,,881898,173,20,20,2140,0,944
1505899755852,44798, Find all,200,OK,Thread Group 1-19,text,true,,879225,173,20,20,561,0,0
1505899798553,4457,Find by first name,200,OK,Thread Group 1-10,text,true,,286483,194,20,20,1263,0,741
1505899803011,898,Create,200,OK,Thread Group 1-10,text,true,,185,273,20,20,897,0,448
1505899803909,299,Create many,200,OK,Thread Group 1-10,text,true,,266,362,20,20,299,0,0
1505899797884,6457,Find by first name,200,OK,Thread Group 1-7,text,true,,286483,194,20,20,1047,0,388
1505899804209,567,Delete,200,OK,Thread Group 1-10,,true,,38,223,20,20,567,0,0
1505899804776,578,Update,200,OK,Thread Group 1-10,text,true,,183,304,20,20,578,0,0
1505899804342,1045,Create,200,OK,Thread Group 1-7,text,true,,185,273,20,20,1044,0,498
1505899800652,4796,Find by first name,200,OK,Thread Group 1-19,text,true,,286483,194,20,20,1712,0,769
1505899772026,33571, Find all,200,OK,Thread Group 1-11,text,true,,880844,173,20,20,1626,0,945
1505899805388,258,Create many,200,OK,Thread Group 1-7,text,true,,266,362,20,20,258,0,0
1505899805646,267,Delete,200,OK,Thread Group 1-7,,true,,38,223,20,20,267,0,0
1505899805448,479,Create,200,OK,Thread Group 1-19,text,true,,185,273,20,20,479,0,223
1505899796736,9216,Find by first name,200,OK,Thread Group 1-20,text,true,,286483,194,20,20,774,0,413
1505899800102,5880,Find by first name,200,OK,Thread Group 1-8,text,true,,286483,194,20,20,791,0,279
1505899805913,421,Update,200,OK,Thread Group 1-7,text,true,,183,304,20,20,420,0,0
1505899805927,408,Create many,200,OK,Thread Group 1-19,text,true,,266,362,20,20,407,0,0
1505899806336,522,Delete,200,OK,Thread Group 1-19,,true,,38,223,20,20,522,0,0
1505899805981,909,Create,200,OK,Thread Group 1-8,text,true,,185,273,20,20,907,0,387
1505899805952,1136,Create,200,OK,Thread Group 1-20,text,true,,185,273,20,20,1133,0,396
1505899806890,496,Create many,200,OK,Thread Group 1-8,text,true,,266,362,20,20,493,0,0
1505899806858,531,Update,200,OK,Thread Group 1-19,text,true,,183,304,20,20,526,0,0
1505899807088,452,Create many,200,OK,Thread Group 1-20,text,true,,266,362,20,20,450,0,0
1505899807387,253,Delete,200,OK,Thread Group 1-8,,true,,38,223,20,20,253,0,0
1505899807540,344,Delete,200,OK,Thread Group 1-20,,true,,38,223,20,20,344,0,0
1505899807640,495,Update,200,OK,Thread Group 1-8,text,true,,183,304,20,20,495,0,0
1505899796243,11937,Find by first name,200,OK,Thread Group 1-16,text,true,,286483,194,20,20,1007,0,534
1505899780686,27793, Find all,200,OK,Thread Group 1-12,text,true,,881980,173,20,20,1602,0,0
1505899799869,9070,Find by first name,200,OK,Thread Group 1-5,text,true,,286483,194,20,20,707,0,316
1505899808180,951,Create,200,OK,Thread Group 1-16,text,true,,185,273,20,20,949,0,543
1505899809131,423,Create many,200,OK,Thread Group 1-16,text,true,,266,362,20,20,422,0,0
1505899808939,764,Create,200,OK,Thread Group 1-5,text,true,,185,273,20,20,764,0,347
1505899807884,1855,Update,200,OK,Thread Group 1-20,text,true,,183,304,20,20,542,0,0
1505899799801,10060,Find by first name,200,OK,Thread Group 1-18,text,true,,286483,194,20,20,689,0,295
1505899809555,344,Delete,200,OK,Thread Group 1-16,,true,,38,223,20,20,344,0,0
1505899809704,334,Create many,200,OK,Thread Group 1-5,text,true,,266,362,20,20,331,0,0
1505899809900,437,Update,200,OK,Thread Group 1-16,text,true,,183,304,20,20,437,0,0
1505899810039,541,Delete,200,OK,Thread Group 1-5,,true,,38,223,20,20,541,0,0
1505899773747,37116, Find all,200,OK,Thread Group 1-17,text,true,,881087,173,20,20,789,0,0
1505899773651,37304, Find all,200,OK,Thread Group 1-4,text,true,,880926,173,20,20,798,0,0
1505899810581,702,Update,200,OK,Thread Group 1-5,text,true,,183,304,20,20,702,0,0
1505899809861,2994,Create,200,OK,Thread Group 1-18,text,true,,185,273,20,20,1074,0,423
1505899812855,770,Create many,200,OK,Thread Group 1-18,text,true,,266,362,20,20,770,0,449
1505899813626,368,Delete,200,OK,Thread Group 1-18,,true,,38,223,20,20,368,0,0
1505899813994,274,Update,200,OK,Thread Group 1-18,text,true,,183,304,20,20,273,0,0
1505899808480,6003,Find by first name,200,OK,Thread Group 1-12,text,true,,286878,194,20,20,926,0,450
1505899780319,34811, Find all,200,OK,Thread Group 1-1,text,true,,881898,173,20,20,756,0,0
1505899810862,4310,Find by first name,200,OK,Thread Group 1-17,text,true,,287036,194,20,20,1035,0,574
1505899805355,9859, Find all,200,OK,Thread Group 1-10,text,true,,883517,173,20,20,749,0,261
1505899791742,23761, Find all,200,OK,Thread Group 1-13,text,true,,882788,173,20,20,702,0,0
1505899767006,48518, Find all,200,OK,Thread Group 1-6,text,true,,880197,173,20,20,528,0,0
1505899815173,533,Create,200,OK,Thread Group 1-17,text,true,,185,273,20,20,532,0,276
1505899810954,4758,Find by first name,200,OK,Thread Group 1-4,text,true,,287036,194,20,20,951,0,511
1505899815707,428,Create many,200,OK,Thread Group 1-17,text,true,,266,362,20,20,428,0,0
1505899816136,284,Delete,200,OK,Thread Group 1-17,,true,,38,223,20,20,284,0,0
1505899815712,714,Create,200,OK,Thread Group 1-4,text,true,,185,273,20,20,712,0,426
1505899787015,29449, Find all,200,OK,Thread Group 1-9,text,true,,882627,173,20,20,3222,0,1119
1505899814484,2167,Create,200,OK,Thread Group 1-12,text,true,,185,273,20,20,2167,0,260
1505899816420,250,Update,200,OK,Thread Group 1-17,text,true,,183,304,20,20,250,0,0
1505899816427,249,Create many,200,OK,Thread Group 1-4,text,true,,266,362,20,20,249,0,0
1505899816677,466,Delete,200,OK,Thread Group 1-4,,true,,38,223,20,20,466,0,0
1505899805597,11599,Find by first name,200,OK,Thread Group 1-11,text,true,,286641,194,20,20,721,0,219
1505899817197,605,Create,200,OK,Thread Group 1-11,text,true,,185,273,20,20,603,0,278
1505899806335,11625, Find all,200,OK,Thread Group 1-7,text,true,,883760,173,20,20,723,0,0
1505899817802,333,Create many,200,OK,Thread Group 1-11,text,true,,266,362,20,20,332,0,0
1505899816652,1530,Create many,200,OK,Thread Group 1-12,text,true,,266,362,20,20,582,0,296
1505899818136,278,Delete,200,OK,Thread Group 1-11,,true,,38,223,20,20,278,0,0
1505899818183,276,Delete,200,OK,Thread Group 1-12,,true,,38,223,20,20,276,0,0
1505899817143,1427,Update,200,OK,Thread Group 1-4,text,true,,183,304,20,20,1427,0,0
1505899818415,345,Update,200,OK,Thread Group 1-11,text,true,,183,304,20,20,344,0,0
1505899794412,24364, Find all,200,OK,Thread Group 1-3,text,true,,883031,173,20,20,1032,0,436
1505899818459,350,Update,200,OK,Thread Group 1-12,text,true,,183,304,20,20,350,0,0
1505899815130,4262,Find by first name,200,OK,Thread Group 1-1,text,true,,287115,194,20,20,596,0,291
1505899819393,634,Create,200,OK,Thread Group 1-1,text,true,,185,273,20,20,633,0,310
1505899777038,43133, Find all,200,OK,Thread Group 1-2,text,true,,881898,173,20,20,1095,0,0
1505899814268,6076, Find all,200,OK,Thread Group 1-18,text,true,,884975,173,20,20,463,0,0
1505899820027,440,Create many,200,OK,Thread Group 1-1,text,true,,266,362,20,20,438,0,0
1505899820467,315,Delete,200,OK,Thread Group 1-1,,true,,38,223,20,20,315,0,0
1505899815214,5586,Find by first name,200,OK,Thread Group 1-10,text,true,,287115,194,20,20,618,0,270
1505899820783,427,Update,200,OK,Thread Group 1-1,text,true,,183,304,20,20,426,0,0
1505899809740,11764, Find all,200,OK,Thread Group 1-20,text,true,,884732,173,20,20,1000,0,331
1505899815504,6317,Find by first name,200,OK,Thread Group 1-13,text,true,,287194,194,20,20,717,0,286
1505899817960,4118,Find by first name,200,OK,Thread Group 1-7,text,true,,287431,194,20,20,620,0,264
1505899786633,35528, Find all,200,OK,Thread Group 1-15,text,true,,882627,173,20,20,3440,0,1301
1505899821822,588,Create,200,OK,Thread Group 1-13,text,true,,185,273,20,20,586,0,308
1505899822079,650,Create,200,OK,Thread Group 1-7,text,true,,185,273,20,20,649,0,290
1505899822410,352,Create many,200,OK,Thread Group 1-13,text,true,,266,362,20,20,351,0,0
1505899822729,340,Create many,200,OK,Thread Group 1-7,text,true,,266,362,20,20,339,0,0
1505899785912,37186, Find all,200,OK,Thread Group 1-14,text,true,,882627,173,20,20,3731,0,957
1505899822763,341,Delete,200,OK,Thread Group 1-13,,true,,38,223,20,20,341,0,0
1505899820344,2825,Find by first name,200,OK,Thread Group 1-18,text,true,,287510,194,20,20,811,0,329
1505899818777,4448,Find by first name,200,OK,Thread Group 1-3,text,true,,287431,194,20,20,660,0,325
1505899823070,296,Delete,200,OK,Thread Group 1-7,,true,,38,223,20,20,296,0,0
1505899823105,299,Update,200,OK,Thread Group 1-13,text,true,,183,304,20,20,297,0,0
1505899815524,8254,Find by first name,200,OK,Thread Group 1-6,text,true,,287194,194,20,20,712,0,290
1505899823367,426,Update,200,OK,Thread Group 1-7,text,true,,183,304,20,20,426,0,0
1505899823170,849,Create,200,OK,Thread Group 1-18,text,true,,185,273,20,20,849,0,273
1505899823226,837,Create,200,OK,Thread Group 1-3,text,true,,185,273,20,20,837,0,399
1505899816465,7773,Find by first name,200,OK,Thread Group 1-9,text,true,,287273,194,20,20,717,0,257
1505899820801,3529,Create,200,OK,Thread Group 1-10,text,true,,185,273,20,20,3529,0,414
1505899824063,577,Create many,200,OK,Thread Group 1-3,text,true,,266,362,20,20,576,0,0
1505899808136,16701, Find all,200,OK,Thread Group 1-8,text,true,,884328,173,20,20,1191,0,543
1505899823779,1119,Create,200,OK,Thread Group 1-6,text,true,,185,273,20,20,1118,0,546
1505899824640,486,Delete,200,OK,Thread Group 1-3,,true,,38,223,20,20,486,0,0
1505899824020,1152,Create many,200,OK,Thread Group 1-18,text,true,,266,362,20,20,1152,0,0
1505899824238,1007,Create,200,OK,Thread Group 1-9,text,true,,185,273,20,20,1006,0,495
1505899820171,5080,Find by first name,200,OK,Thread Group 1-2,text,true,,287510,194,20,20,782,0,354
1505899824898,416,Create many,200,OK,Thread Group 1-6,text,true,,266,362,20,20,415,0,0
1505899824330,985,Create many,200,OK,Thread Group 1-10,text,true,,266,362,20,20,983,0,570
1505899825127,355,Update,200,OK,Thread Group 1-3,text,true,,183,304,20,20,353,0,0
1505899825245,331,Create many,200,OK,Thread Group 1-9,text,true,,266,362,20,20,331,0,0
1505899825315,356,Delete,200,OK,Thread Group 1-6,,true,,38,223,20,20,356,0,0
1505899825316,365,Delete,200,OK,Thread Group 1-10,,true,,38,223,20,20,365,0,0
1505899825173,747,Delete,200,OK,Thread Group 1-18,,true,,38,223,20,20,747,0,320
1505899825578,399,Delete,200,OK,Thread Group 1-9,,true,,38,223,20,20,399,0,0
1505899825252,734,Create,200,OK,Thread Group 1-2,text,true,,185,273,20,20,733,0,326
1505899821504,4501,Find by first name,200,OK,Thread Group 1-20,text,true,,287510,194,20,20,761,0,353
1505899825682,629,Update,200,OK,Thread Group 1-10,text,true,,183,304,20,20,629,0,0
1505899825921,878,Update,200,OK,Thread Group 1-18,text,true,,183,304,20,20,878,0,0
1505899825978,866,Update,200,OK,Thread Group 1-9,text,true,,183,304,20,20,866,0,0
1505899825987,863,Create many,200,OK,Thread Group 1-2,text,true,,266,362,20,20,862,0,0
1505899825673,1630,Update,200,OK,Thread Group 1-6,text,true,,183,304,20,20,1630,0,0
1505899826006,1657,Create,200,OK,Thread Group 1-20,text,true,,185,273,20,20,1654,0,846
1505899827664,799,Create many,200,OK,Thread Group 1-20,text,true,,266,362,20,20,796,0,0
1505899826851,3085,Delete,200,OK,Thread Group 1-2,,true,,38,223,20,20,3085,0,0
1505899823099,7898,Find by first name,200,OK,Thread Group 1-14,text,true,,287668,194,20,20,730,0,294
1505899829936,1597,Update,200,OK,Thread Group 1-2,text,true,,183,304,20,20,1596,0,677
1505899828463,3757,Delete,200,OK,Thread Group 1-20,,true,,38,223,20,20,3757,0,1502
1505899830998,1769,Create,200,OK,Thread Group 1-14,text,true,,185,273,20,20,1769,0,799
1505899832220,2162,Update,200,OK,Thread Group 1-20,text,true,,183,304,20,20,2160,0,988
1505899824838,9894,Find by first name,200,OK,Thread Group 1-8,text,true,,288063,194,19,19,882,0,444
1505899832768,2882,Create many,200,OK,Thread Group 1-14,text,true,,266,362,19,19,1011,0,0
1505899835651,2451,Delete,200,OK,Thread Group 1-14,,true,,38,223,19,19,2451,0,1170
1505899834732,3989,Create,200,OK,Thread Group 1-8,text,true,,185,273,19,19,3989,0,815
1505899822161,16684,Find by first name,200,OK,Thread Group 1-15,text,true,,287589,194,19,19,692,0,283
1505899838102,2005,Update,200,OK,Thread Group 1-14,text,true,,183,304,19,19,2004,0,843
1505899838721,2050,Create many,200,OK,Thread Group 1-8,text,true,,266,362,19,19,2038,0,936
1505899840771,1421,Delete,200,OK,Thread Group 1-8,,true,,38,223,19,19,1421,0,641
1505899842193,1138,Update,200,OK,Thread Group 1-8,text,true,,183,304,19,19,1135,0,0
1505899838846,4523,Create,200,OK,Thread Group 1-15,text,true,,185,273,19,19,4522,0,1073
1505899816671,26717, Find all,200,OK,Thread Group 1-17,text,true,,885543,173,19,19,464,0,0
1505899811284,32121, Find all,200,OK,Thread Group 1-5,text,true,,884814,173,19,19,1645,0,356
1505899843370,3615,Create many,200,OK,Thread Group 1-15,text,true,,266,362,19,19,3615,0,735
1505899846985,1000,Delete,200,OK,Thread Group 1-15,,true,,38,223,19,19,1000,0,441
1505899847986,562,Update,200,OK,Thread Group 1-15,text,true,,183,304,19,19,557,0,0
1505899807390,42773, Find all,200,OK,Thread Group 1-19,text,true,,884246,173,19,19,499,0,0
1505899826845,23963, Find all,200,OK,Thread Group 1-9,text,true,,888216,173,19,19,3195,0,785
1505899850163,6057,Find by first name,200,OK,Thread Group 1-19,text,true,,288458,194,19,19,771,0,317
1505899818760,37620, Find all,200,OK,Thread Group 1-11,text,true,,885947,173,19,19,526,0,0
1505899810338,46348, Find all,200,OK,Thread Group 1-16,text,true,,884814,173,19,19,1866,0,791
1505899823794,32973, Find all,200,OK,Thread Group 1-7,text,true,,886922,173,19,19,1267,0,0
1505899826800,29999, Find all,200,OK,Thread Group 1-18,text,true,,888216,173,19,19,3143,0,0
1505899856221,1710,Create,200,OK,Thread Group 1-19,text,true,,185,273,19,19,1710,0,525
1505899843388,15723,Find by first name,200,OK,Thread Group 1-17,text,true,,288458,194,19,19,3135,0,786
1505899818570,40708, Find all,200,OK,Thread Group 1-4,text,true,,885947,173,19,19,2356,0,361
1505899859112,1404,Create,200,OK,Thread Group 1-17,text,true,,185,273,19,19,1402,0,905
1505899860516,889,Create many,200,OK,Thread Group 1-17,text,true,,266,362,19,19,877,0,0
1505899861404,1642,Delete,200,OK,Thread Group 1-17,,true,,38,223,19,19,1642,0,533
1505899857931,5269,Create many,200,OK,Thread Group 1-19,text,true,,266,362,19,19,5269,0,0
1505899863046,714,Update,200,OK,Thread Group 1-17,text,true,,183,304,19,19,714,0,0
1505899863199,1499,Delete,200,OK,Thread Group 1-19,,true,,38,223,19,19,1499,0,587
1505899856382,8372,Find by first name,200,OK,Thread Group 1-11,text,true,,288458,194,19,19,1213,0,403
1505899864699,759,Update,200,OK,Thread Group 1-19,text,true,,183,304,19,19,756,0,0
1505899864754,1637,Create,200,OK,Thread Group 1-11,text,true,,185,273,19,19,1637,0,717
1505899866392,768,Create many,200,OK,Thread Group 1-11,text,true,,266,362,19,19,767,0,0
1505899843405,23853,Find by first name,200,OK,Thread Group 1-5,text,true,,288458,194,19,19,1669,0,776
1505899850808,17347,Find by first name,200,OK,Thread Group 1-9,text,true,,288458,194,19,19,1038,0,362
1505899818810,49611, Find all,200,OK,Thread Group 1-12,text,true,,885947,173,19,19,1860,0,322
1505899827304,41759, Find all,200,OK,Thread Group 1-6,text,true,,888377,173,19,19,2580,0,741
1505899867161,2326,Delete,200,OK,Thread Group 1-11,,true,,38,223,19,19,2326,0,916
1505899867258,2312,Create,200,OK,Thread Group 1-5,text,true,,185,273,19,19,2312,0,909
1505899840108,29520, Find all,200,OK,Thread Group 1-14,text,true,,888863,173,19,19,1403,0,719
1505899821211,48709, Find all,200,OK,Thread Group 1-1,text,true,,886190,173,19,19,511,0,0
1505899869487,2356,Update,200,OK,Thread Group 1-11,text,true,,183,304,19,19,2355,0,930
1505899868154,3789,Create,200,OK,Thread Group 1-9,text,true,,185,273,19,19,3789,0,1390
1505899869570,2430,Create many,200,OK,Thread Group 1-5,text,true,,266,362,19,19,2421,0,969
1505899856688,15389,Find by first name,200,OK,Thread Group 1-16,text,true,,288458,194,19,19,1061,0,270
1505899856769,17558,Find by first name,200,OK,Thread Group 1-7,text,true,,288458,194,19,19,1099,0,236
1505899872001,5066,Delete,200,OK,Thread Group 1-5,,true,,38,223,19,19,5066,0,1850
1505899872077,5032,Create,200,OK,Thread Group 1-16,text,true,,185,273,19,19,5029,0,1835
1505899859279,20826,Find by first name,200,OK,Thread Group 1-4,text,true,,288537,194,19,19,2408,0,773
1505899871943,8188,Create many,200,OK,Thread Group 1-9,text,true,,266,362,19,19,8188,0,1806
1505899826311,58891, Find all,200,OK,Thread Group 1-10,text,true,,888134,173,19,19,1029,0,0
1505899874327,10947,Create,200,OK,Thread Group 1-7,text,true,,185,273,19,19,10947,0,3230
1505899856800,28730,Find by first name,200,OK,Thread Group 1-18,text,true,,288458,194,19,19,1499,0,323
1505899880133,6714,Delete,200,OK,Thread Group 1-9,,true,,38,223,19,19,6714,0,4569
1505899877068,9780,Update,200,OK,Thread Group 1-5,text,true,,183,304,19,19,9780,0,3066
1505899877111,9740,Create many,200,OK,Thread Group 1-16,text,true,,266,362,19,19,9740,0,3025
1505899885275,3052,Create many,200,OK,Thread Group 1-7,text,true,,266,362,19,19,3051,0,1863
1505899880105,8225,Create,200,OK,Thread Group 1-4,text,true,,185,273,19,19,8225,0,4564
1505899885529,2930,Create,200,OK,Thread Group 1-18,text,true,,185,273,19,19,2929,0,1712
1505899886846,2286,Update,200,OK,Thread Group 1-9,text,true,,183,304,19,19,2279,0,1210
1505899886850,2346,Delete,200,OK,Thread Group 1-16,,true,,38,223,19,19,2346,0,1222
1505899831532,57867, Find all,200,OK,Thread Group 1-2,text,true,,888377,173,19,19,1247,0,0
1505899888327,2479,Delete,200,OK,Thread Group 1-7,,true,,38,223,19,19,2479,0,1131
1505899888330,2500,Create many,200,OK,Thread Group 1-4,text,true,,266,362,19,19,2491,0,1133
1505899888460,2467,Create many,200,OK,Thread Group 1-18,text,true,,266,362,19,19,2463,0,1022
1505899889196,3354,Update,200,OK,Thread Group 1-16,text,true,,183,304,19,19,3346,0,1280
1505899890831,4017,Delete,200,OK,Thread Group 1-4,,true,,38,223,19,19,4017,0,2538
1505899890927,4181,Delete,200,OK,Thread Group 1-18,,true,,38,223,19,19,4181,0,2474
1505899848549,47047, Find all,200,OK,Thread Group 1-15,text,true,,889106,173,19,19,1449,0,0
1505899825483,70526, Find all,200,OK,Thread Group 1-3,text,true,,887973,173,19,19,1400,0,422
1505899869628,27047,Find by first name,200,OK,Thread Group 1-14,text,true,,288774,194,19,19,9407,0,1212
1505899890807,6503,Update,200,OK,Thread Group 1-7,text,true,,183,304,19,19,6503,0,2561
1505899894848,2575,Update,200,OK,Thread Group 1-4,text,true,,183,304,18,18,2574,0,1556
1505899895108,2433,Update,200,OK,Thread Group 1-18,text,true,,183,304,18,18,2431,0,1429
1505899869920,27690,Find by first name,200,OK,Thread Group 1-1,text,true,,288774,194,17,17,2847,0,1287
1505899823404,74497, Find all,200,OK,Thread Group 1-13,text,true,,886758,173,17,17,494,0,0
1505899896675,3775,Create,200,OK,Thread Group 1-14,text,true,,185,273,17,17,3774,0,1100
1505899863761,36994, Find all,200,OK,Thread Group 1-17,text,true,,889592,173,17,17,1700,0,869
1505899868421,32736,Find by first name,200,OK,Thread Group 1-12,text,true,,288695,194,17,17,3747,0,1171
1505899897610,3843,Create,200,OK,Thread Group 1-1,text,true,,185,273,17,17,3843,0,1187
1505899900450,2365,Create many,200,OK,Thread Group 1-14,text,true,,266,362,17,17,2365,0,1190
1505899901454,1802,Create many,200,OK,Thread Group 1-1,text,true,,266,362,17,17,1800,0,1029
1505899885202,18531,Find by first name,200,OK,Thread Group 1-10,text,true,,288932,194,17,17,3063,0,1811
1505899903256,836,Delete,200,OK,Thread Group 1-1,,true,,38,223,17,17,836,0,0
1505899902816,1442,Delete,200,OK,Thread Group 1-14,,true,,38,223,17,17,1442,0,927
1505899903734,1126,Create,200,OK,Thread Group 1-10,text,true,,185,273,17,17,1126,0,515
1505899904258,626,Update,200,OK,Thread Group 1-14,text,true,,183,304,17,17,625,0,0
1505899895597,9298,Find by first name,200,OK,Thread Group 1-15,text,true,,289169,194,16,16,2199,0,1069
1505899904093,1232,Update,200,OK,Thread Group 1-1,text,true,,183,304,16,16,1218,0,624
1505899904862,646,Create many,200,OK,Thread Group 1-10,text,true,,266,362,16,16,644,0,0
1505899905509,766,Delete,200,OK,Thread Group 1-10,,true,,38,223,16,16,766,0,0
1505899904896,1404,Create,200,OK,Thread Group 1-15,text,true,,185,273,16,16,1397,0,622
1505899897902,8471,Find by first name,200,OK,Thread Group 1-13,text,true,,289169,194,16,16,2880,0,1367
1505899901157,5227,Create,200,OK,Thread Group 1-12,text,true,,185,273,16,16,5227,0,1070
1505899906302,927,Create many,200,OK,Thread Group 1-15,text,true,,266,362,16,16,926,0,0
1505899896010,11246,Find by first name,200,OK,Thread Group 1-3,text,true,,289169,194,16,16,1970,0,771
1505899906277,2141,Update,200,OK,Thread Group 1-10,text,true,,183,304,16,16,2131,0,919
1505899906374,2136,Create,200,OK,Thread Group 1-13,text,true,,185,273,15,15,2128,0,856
1505899906386,2144,Create many,200,OK,Thread Group 1-12,text,true,,266,362,15,15,2144,0,845
1505899907229,1940,Delete,200,OK,Thread Group 1-15,,true,,38,223,15,15,1940,0,1225
1505899907258,1920,Create,200,OK,Thread Group 1-3,text,true,,185,273,15,15,1920,0,1280
1505899889399,20161,Find by first name,200,OK,Thread Group 1-2,text,true,,289169,194,15,15,7230,0,1229
1505899908510,1086,Create many,200,OK,Thread Group 1-13,text,true,,266,362,15,15,1084,0,661
1505899908531,1066,Delete,200,OK,Thread Group 1-12,,true,,38,223,15,15,1066,0,643
1505899909179,463,Create many,200,OK,Thread Group 1-3,text,true,,266,362,15,15,452,0,0
1505899909170,759,Update,200,OK,Thread Group 1-15,text,true,,183,304,15,15,419,0,0
1505899909597,337,Delete,200,OK,Thread Group 1-13,,true,,38,223,15,15,337,0,0
1505899909597,354,Update,200,OK,Thread Group 1-12,text,true,,183,304,15,15,353,0,0
1505899909562,840,Create,200,OK,Thread Group 1-2,text,true,,185,273,14,14,833,0,343
1505899909935,680,Update,200,OK,Thread Group 1-13,text,true,,183,304,14,14,677,0,0
1505899909642,994,Delete,200,OK,Thread Group 1-3,,true,,38,223,13,13,994,0,328
1505899910402,619,Create many,200,OK,Thread Group 1-2,text,true,,266,362,13,13,615,0,0
1505899910636,836,Update,200,OK,Thread Group 1-3,text,true,,183,304,13,13,833,0,0
1505899843332,68227, Find all,200,OK,Thread Group 1-8,text,true,,888945,173,12,12,3929,0,675
1505899911021,1599,Delete,200,OK,Thread Group 1-2,,true,,38,223,12,12,1599,0,0
1505899865459,47163, Find all,200,OK,Thread Group 1-19,text,true,,889674,173,12,12,1702,0,792
1505899912621,1221,Update,200,OK,Thread Group 1-2,text,true,,183,304,12,12,1217,0,576
1505899900756,16320,Find by first name,200,OK,Thread Group 1-17,text,true,,289248,194,12,12,5987,0,1087
1505899871843,45882, Find all,200,OK,Thread Group 1-11,text,true,,890160,173,12,12,8264,0,1726
1505899917077,1732,Create,200,OK,Thread Group 1-17,text,true,,185,273,12,12,1731,0,901
1505899918810,1112,Create many,200,OK,Thread Group 1-17,text,true,,266,362,12,12,1112,0,0
1505899911561,8364,Find by first name,200,OK,Thread Group 1-8,text,true,,289801,194,12,12,1943,0,1294
1505899869063,50880,Find by first name,200,OK,Thread Group 1-6,text,true,,288695,194,12,12,2176,0,795
1505899912624,7993,Find by first name,200,OK,Thread Group 1-19,text,true,,289801,194,12,12,1310,0,585
1505899919923,1683,Delete,200,OK,Thread Group 1-17,,true,,38,223,12,12,1683,0,826
1505899919924,1701,Create,200,OK,Thread Group 1-8,text,true,,185,273,12,12,1695,0,836
1505899920617,1294,Create,200,OK,Thread Group 1-19,text,true,,185,273,12,12,1293,0,588
1505899892551,29819, Find all,200,OK,Thread Group 1-16,text,true,,891293,173,12,12,3932,0,1728
1505899921607,773,Update,200,OK,Thread Group 1-17,text,true,,183,304,12,12,772,0,0
1505899921625,806,Create many,200,OK,Thread Group 1-8,text,true,,266,362,11,11,802,0,0
1505899919943,2791,Create,200,OK,Thread Group 1-6,text,true,,185,273,11,11,2791,0,1877
1505899921911,1114,Create many,200,OK,Thread Group 1-19,text,true,,266,362,11,11,1113,0,0
1505899922432,1687,Delete,200,OK,Thread Group 1-8,,true,,38,223,11,11,1687,0,793
1505899923025,1579,Delete,200,OK,Thread Group 1-19,,true,,38,223,11,11,1579,0,864
1505899917726,6895,Find by first name,200,OK,Thread Group 1-11,text,true,,289801,194,11,11,1934,0,886
1505899924120,567,Update,200,OK,Thread Group 1-8,text,true,,183,304,11,11,566,0,0
1505899897423,27412, Find all,200,OK,Thread Group 1-4,text,true,,891375,173,10,10,2731,0,916
1505899924604,303,Update,200,OK,Thread Group 1-19,text,true,,183,304,10,10,300,0,0
1505899924622,699,Create,200,OK,Thread Group 1-11,text,true,,185,273,9,9,699,0,318
1505899925322,450,Create many,200,OK,Thread Group 1-11,text,true,,266,362,9,9,439,0,0
1505899922735,3331,Create many,200,OK,Thread Group 1-6,text,true,,266,362,9,9,3331,0,2558
1505899925772,343,Delete,200,OK,Thread Group 1-11,,true,,38,223,9,9,343,0,0
1505899926116,461,Update,200,OK,Thread Group 1-11,text,true,,183,304,9,9,453,0,0
1505899926066,1259,Delete,200,OK,Thread Group 1-6,,true,,38,223,8,8,1259,0,415
1505899927326,1035,Update,200,OK,Thread Group 1-6,text,true,,183,304,8,8,1034,0,0
1505899922370,7021,Find by first name,200,OK,Thread Group 1-16,text,true,,290038,194,8,8,1686,0,830
1505899913842,15891, Find all,200,OK,Thread Group 1-2,text,true,,893237,173,8,8,1048,0,0
1505899929391,497,Create,200,OK,Thread Group 1-16,text,true,,185,273,8,8,496,0,331
1505899929888,244,Create many,200,OK,Thread Group 1-16,text,true,,266,362,8,8,244,0,0
1505899930133,345,Delete,200,OK,Thread Group 1-16,,true,,38,223,8,8,345,0,0
1505899930478,373,Update,200,OK,Thread Group 1-16,text,true,,183,304,8,8,364,0,0
1505899924835,9195,Find by first name,200,OK,Thread Group 1-4,text,true,,290038,194,7,7,638,0,342
1505899886848,47566, Find all,200,OK,Thread Group 1-5,text,true,,890971,173,7,7,2645,0,1224
1505899934031,653,Create,200,OK,Thread Group 1-4,text,true,,185,273,7,7,652,0,338
1505899934684,573,Create many,200,OK,Thread Group 1-4,text,true,,266,362,7,7,572,0,0
1505899929733,6050,Find by first name,200,OK,Thread Group 1-2,text,true,,290275,194,7,7,552,0,165
1505899935785,725,Create,200,OK,Thread Group 1-2,text,true,,185,273,7,7,724,0,441
1505899935257,1653,Delete,200,OK,Thread Group 1-4,,true,,38,223,7,7,1653,0,0
1505899936510,937,Create many,200,OK,Thread Group 1-2,text,true,,266,362,7,7,929,0,0
1505899937448,898,Delete,200,OK,Thread Group 1-2,,true,,38,223,7,7,898,0,0
1505899936911,1443,Update,200,OK,Thread Group 1-4,text,true,,183,304,7,7,1441,0,848
1505899889133,49681, Find all,200,OK,Thread Group 1-9,text,true,,891293,173,6,6,7289,0,1320
1505899938347,1745,Update,200,OK,Thread Group 1-2,text,true,,183,304,6,6,1745,0,1190
1505899934415,9339,Find by first name,200,OK,Thread Group 1-5,text,true,,290354,194,5,5,1882,0,1268
1505899905326,39037, Find all,200,OK,Thread Group 1-1,text,true,,892104,173,5,5,872,0,0
1505899943755,621,Create,200,OK,Thread Group 1-5,text,true,,185,273,5,5,618,0,230
1505899909929,34691, Find all,200,OK,Thread Group 1-15,text,true,,893237,173,5,5,1415,0,608
1505899944376,397,Create many,200,OK,Thread Group 1-5,text,true,,266,362,5,5,395,0,0
1505899944773,324,Delete,200,OK,Thread Group 1-5,,true,,38,223,5,5,324,0,0
1505899928362,16850, Find all,200,OK,Thread Group 1-6,text,true,,894452,173,5,5,1546,0,845
1505899945097,399,Update,200,OK,Thread Group 1-5,text,true,,183,304,5,5,392,0,0
1505899938815,8117,Find by first name,200,OK,Thread Group 1-9,text,true,,290433,194,4,4,359,0,174
1505899946932,1797,Create,200,OK,Thread Group 1-9,text,true,,185,273,4,4,1786,0,712
1505899948729,806,Create many,200,OK,Thread Group 1-9,text,true,,266,362,4,4,803,0,0
1505899944621,6751,Find by first name,200,OK,Thread Group 1-15,text,true,,290512,194,4,4,643,0,294
1505899944364,7863,Find by first name,200,OK,Thread Group 1-1,text,true,,290512,194,4,4,751,0,371
1505899945214,7016,Find by first name,200,OK,Thread Group 1-6,text,true,,290512,194,4,4,931,0,398
1505899949536,2833,Delete,200,OK,Thread Group 1-9,,true,,38,223,4,4,2833,0,2028
1505899951371,1440,Create,200,OK,Thread Group 1-15,text,true,,185,273,4,4,1419,0,983
1505899952226,1071,Create,200,OK,Thread Group 1-1,text,true,,185,273,4,4,1062,0,513
1505899952230,1070,Create,200,OK,Thread Group 1-6,text,true,,185,273,4,4,1068,0,509
1505899952368,979,Update,200,OK,Thread Group 1-9,text,true,,183,304,4,4,978,0,458
1505899952811,548,Create many,200,OK,Thread Group 1-15,text,true,,266,362,3,3,535,0,0
1505899953297,575,Create many,200,OK,Thread Group 1-1,text,true,,266,362,3,3,575,0,0
1505899953360,1133,Delete,200,OK,Thread Group 1-15,,true,,38,223,3,3,1133,0,0
1505899953872,788,Delete,200,OK,Thread Group 1-1,,true,,38,223,3,3,788,0,0
1505899953300,1509,Create many,200,OK,Thread Group 1-6,text,true,,266,362,3,3,1509,0,0
1505899954493,433,Update,200,OK,Thread Group 1-15,text,true,,183,304,3,3,433,0,243
1505899954660,283,Update,200,OK,Thread Group 1-1,text,true,,183,304,2,2,282,0,245
1505899954809,197,Delete,200,OK,Thread Group 1-6,,true,,38,223,1,1,197,0,128
1505899955006,300,Update,200,OK,Thread Group 1-6,text,true,,183,304,1,1,299,0,0
